Score,Rating,Title,Price,Median_Comp,Discount_%,Seller_Feedback,Sales_Count,Age_Days,Red_Flags,URL
8.2,GREAT DEAL,"2007 TOPPS CHROME 1957-58 VAR-REFRACTOR #41 DIRK NOWITZKI HOF /999 PSA 9 MINT",99.9,424.99,76,100.0,1597,N/A,"",https://www.ebay.com/itm/116666833717?_skw=dirk+nowitzki+refractor&hash=item1b29e29b35:g:A2AAAOSwXWZoW3jI&amdata=enc%3AAQALAAAA8DZq0hFgvSYlgrFkWCFZ3z2NQGyAWE4I9evY3m8xeOBWMEwidKkCkxjt3x8o363c4UFsYyelSXxNG%2BGp6djdlyXK9ioxFBnbnX9N2yhcj%2FhQVhyMBUov5yCTG3YQB2ql3i%2F7xKmCp7NvHzZ1ltEvC939P%2B027NV4yWazdIIkiR0nkedHZaeGUuUjkFxeBfuXVYpcbkASTq73vfu0FLB7IUK99Ph2C0w8soZg0YbWS5CWGwkSwELyoFDBFYNbFdFCHU1nAuELTymo4T2drxUleS%2BZrAJiVyHkc%2BB6Cxn00Oqg3v4ixGDJypL8T1Ci%2B9KjUg%3D%3D
8,GREAT DEAL,"2007-08 Topps Chrome Dirk Nowitzki #41 White Refractor #/99 Dallas Mavericks",175,424.99,59,99.9,12406,N/A,"",https://www.ebay.com/itm/157405443093?_skw=dirk+nowitzki+refractor&hash=item24a6187415:g:BZsAAeSwE-lo9pDU&amdata=enc%3AAQALAAAA8DZq0hFgvSYlgrFkWCFZ3z3qnN5v4m100wSceZioATllUBEEmMNptGCv0EVArDd%2FOYCUqNYY5Y0IiIOt%2BWeNlc9eTEuVu7wEkL2rSvcHpqzjFuoVFL5rtShNy7TYCU5JKu0eOBcbWWBAF4rRV7PfGiTsSvE5Id0K2Bs80gIao4tIAa3TJAY4U15aDV5pmGSfUWARFeGHfi48YGecZMuw54nao6SWlWfCLB2vAS6yyUGZxpU0D1ijTCoT2jIq4LBpZCj%2BhwkHLwlG7hgfg1UMxzQr2QNZa%2BF%2Fo2RQbgkSCYb1d5%2FGHqZFjiRfCejZTK6sJQ%3D%3D
8,GREAT DEAL,"ðŸ’¥#â€™D /999ðŸ’¥2007 TOPPS CHROME 1957-58 VARIATION REFRACTOR DIRK NOWITZKI BGS 9.5",105.99,688.5,85,100.0,1433,N/A,"",https://www.ebay.com/itm/227095604882?_skw=dirk+nowitzki+refractor&hash=item34dff3ee92:g:CM4AAeSwlJ9pIUy-
8,GREAT DEAL,"2007-08 TOPPS CHROME REFRACTORS #41 DIRK NOWITZKI /999 BGS 8.5",63.99,424.99,85,100.0,1805,N/A,"",https://www.ebay.com/itm/356120761186?_skw=dirk+nowitzki+refractor&hash=item52ea739362:g:CC4AAOSwWQ1nAgKD
7.7,SOLID DEAL,"2003-04 TOPPS JUSTICE OF THE COURT REFRACTOR DIRK NOWITZKI MINT BASKETBALL CARD",25.98,2141.15,99,99.2,1269,N/A,"",https://www.ebay.com/itm/389542875062?_skw=dirk+nowitzki+refractor&hash=item5ab2908fb6:g:crQAAeSwl91pd-82
7.7,SOLID DEAL,"2008-09 Topps Chrome Dirk Nowitzki #41 REFRACTOR SP Mavericks PSA 10 GEM MINT ðŸ”¥",279.99,631.12,56,100.0,1226,N/A,"",https://www.ebay.com/itm/116650961146?_skw=dirk+nowitzki+refractor&hash=item1b28f068fa:g:9fgAAeSwfQdoTQvS
7.5,SOLID DEAL,"2007-08 Topps Finest - Dirk Nowitzki #4 Refractor (Z)",9.99,75.73,87,100.0,2556,N/A,"",https://www.ebay.com/itm/236601235328?_skw=dirk+nowitzki+refractor&hash=item3716885780:g:DRUAAeSwreJpdsOT
7.5,SOLID DEAL,"2004 TOPPS CHROME REFRACTOR #41 DIRK NOWITZKI PSA 10",255.99,537.535,52,99.9,357088,N/A,"",https://www.ebay.com/itm/306718658105?_skw=dirk+nowitzki+refractor&hash=item4769db4e39:g:hfIAAeSwQNlpbYXG
7.5,SOLID DEAL,"2008 Topps Chrome DIRK NOWITZKI REFRACTOR #41 HOLO SSP HOF DALLAS MAVERICKS",89.95,631.12,86,100.0,3480,N/A,"",https://www.ebay.com/itm/297991728602?_skw=dirk+nowitzki+refractor&hash=item4561b0edda:g:sV8AAeSwqixpgAt5&amdata=enc%3AAQALAAAA8DZq0hFgvSYlgrFkWCFZ3z2%2BSIJvLu3Oh7DjO%2Bs34iQX7Ix1hEK8c4VD2Uvgx6zu%2Bz4C0e68Ta1p3XGipJD8ebsrhJDtgx%2Fa5JzdZ75QKq8Xvg9ovNOPrR7umvhiFHLe9daxVWoI%2BRqLEA88VbLMV2PMkRr3zuWle84LDO5K1Qt0fFJ%2Fp%2FTyI9AseLmshh%2FYJHegGSktDGcHxSes8PUZVXDyzEKBZk8FT40qOv7YSsQtNiJGErMQ46qxJiBpKusOCSBKFuuzaTaT0kMuVjUviMMyYekNlmhwlI3XNQl76tejjHoWVi5oyA%2Bd36fU83cfUg%3D%3D
7.5,SOLID DEAL,"2003 TOPPS CHROME REFRACTOR #41 DIRK NOWITZKI PSA 9",75.94,2141.15,96,99.9,357088,N/A,"",https://www.ebay.com/itm/116931440686?_skw=dirk+nowitzki+refractor&hash=item1b39a8302e:g:BNQAAeSwygtpQdNH
7.5,SOLID DEAL,"2002 TOPPS CHROME WHITE REFRACTOR #29 DIRK NOWITZKI 26/249 PSA 7",155.99,472.59000000000003,67,99.9,357088,N/A,"",https://www.ebay.com/itm/297739680110?_skw=dirk+nowitzki+refractor&hash=item4552aaf96e:g:t6YAAeSw-CBow3y4
7.5,SOLID DEAL,"2025-26 Topps Chrome #CG-22 Dirk Nowitzki Clutch Gene Refractor",3.32,19.125,83,99.9,3732,N/A,"",https://www.ebay.com/itm/397510258557?_skw=dirk+nowitzki+refractor&hash=item5c8d752f7d:g:4TcAAeSwOrlpbYLW
7.5,SOLID DEAL,"SGC 10 2002 TOPPS CHROME REFRACTOR #29 DIRK NOWITZKI LOW POP! SUPER RARE GRADE",235.24,472.59000000000003,50,99.8,2565,N/A,"",https://www.ebay.com/itm/317809996018?_skw=dirk+nowitzki+refractor&hash=item49fef3b0f2:g:N90AAeSw5itpeQUX
7.5,SOLID DEAL,"2025-26 Topps Chrome #246 Dirk Nowitzki Prism Refractor Dallas Mavericks",3.5,17,79,99.9,2546,N/A,"",https://www.ebay.com/itm/267535271755?_skw=dirk+nowitzki+refractor&hash=item3e4a58474b:g:W-kAAeSwazhpXJbc
7.5,SOLID DEAL,"2002-03 Topps Chrome Refractor Dirk Nowitzki #29 PSA 8 HOF 02kp",31.98,472.59000000000003,93,99.6,1300345,N/A,"",https://www.ebay.com/itm/236587179439?_skw=dirk+nowitzki+refractor&hash=item3715b1ddaf:g:rqsAAeSw0Ihpa~FO
7.5,SOLID DEAL,"2025-2026 Topps Chrome Dirk Nowitzki Skylight Refractor Fanatics Exclusive",3.25,19.125,83,100.0,1111,N/A,"",https://www.ebay.com/itm/306703920901?_skw=dirk+nowitzki+refractor&hash=item4768fa6f05:g:LEQAAeSwAX1pYoGb
7.5,SOLID DEAL,"Dirk Nowitzki 2002 Topps Chrome #29 Refractor Mavs HOF",30.75,472.59000000000003,93,100.0,1813,N/A,"",https://www.ebay.com/itm/187751194695?_skw=dirk+nowitzki+refractor&hash=item2bb6d7e047:g:Y4UAAeSwYodpG6cE
7.5,SOLID DEAL,"2025-26 Topps Chrome #SY-10 Dirk Nowitzki Serenity Refractor Dallas M/NM",1.49,19.125,92,100.0,1678,N/A,"",https://www.ebay.com/itm/177830055157?_skw=dirk+nowitzki+refractor&hash=item29677f4cf5:g:etQAAeSwDCxpgNyi
7.5,SOLID DEAL,"2025-26 Topps Chrome - Dirk Nowitzki #246 Refractor",2.54,17,85,100.0,22220,N/A,"",https://www.ebay.com/itm/157652605022?_skw=dirk+nowitzki+refractor&hash=item24b4d3d85e:g:eQsAAeSw-Pppf4~y
7.5,SOLID DEAL,"DIRK NOWITZKI ~ 2002-03 Topps Chrome Basketball Refractor Card #29",19.9,472.59000000000003,96,100.0,158806,N/A,"",https://www.ebay.com/itm/127377730839?_skw=dirk+nowitzki+refractor&hash=item1da84ded17:g:a6sAAeSwdTVo3GYk
7.5,SOLID DEAL,"Dirk Nowitzki 2025-26 Topps Chrome Prism Refractor #246 Dallas Mavericks",1.99,17,88,100.0,13634,N/A,"",https://www.ebay.com/itm/297972207682?_skw=dirk+nowitzki+refractor&hash=item4560871042:g:x0oAAeSwILlpd-Mt
7.5,SOLID DEAL,"2025-26 Topps Chrome Basketball Dirk Nowitzki Refractor #246 Dallas Mavericks",3.49,17,79,100.0,2908,N/A,"",https://www.ebay.com/itm/136940499277?_skw=dirk+nowitzki+refractor&hash=item1fe24a314d:g:BkoAAeSwzKppUw9Q
7.5,SOLID DEAL,"Ball Of Duty Magenta Refractor Dirk Nowitzki /399 #BD-17",6.25,260.09,98,100.0,338,N/A,"",https://www.ebay.com/itm/397464407960?_skw=dirk+nowitzki+refractor&hash=item5c8ab98f98:g:Y00AAeSwoedpW1cg
7.5,SOLID DEAL,"2025-26 Topps Chrome #246 Dirk Nowitzki Basketball Refractor",5.19,17,69,99.9,2139,N/A,"",https://www.ebay.com/itm/236564824972?_skw=dirk+nowitzki+refractor&hash=item37145cc38c:g:zpwAAeSwpWRpWthz
7.5,SOLID DEAL,"2025-26 Topps Chrome Basketball #246 - Dirk Nowitzki Refractor Parallel - MAVS",1.25,17,93,99.9,1415,N/A,"",https://www.ebay.com/itm/168121191181?_skw=dirk+nowitzki+refractor&hash=item2724cdcb0d:g:v0wAAeSwTFhpfBIq
7.5,SOLID DEAL,"1998-99 Topps Finest - Dirk Nowitzki #234 No-Protector Refractor (RC)",850,2065.5,59,99.6,1428,N/A,"",https://www.ebay.com/itm/177788601768?_skw=dirk+nowitzki+refractor&hash=item296506c5a8:g:dyIAAeSwUtFpbXPe
7.5,SOLID DEAL,"2025-26 Topps Chrome Clutch Gene Refractor Dirk Nowitzki #CG-22",6.34,19.125,67,99.9,18937,N/A,"",https://www.ebay.com/itm/287109055579?_skw=dirk+nowitzki+refractor&hash=item42d908845b:g:VRMAAeSwJHxpe~US
7.5,SOLID DEAL,"2005-06 Topps Chrome Dirk Nowitzki Refractors Black 72 Dallas Mavericks #/399",96.41,515.95,81,99.9,1702,N/A,"",https://www.ebay.com/itm/257000080902?_skw=dirk+nowitzki+refractor&hash=item3bd6660606:g:ZnoAAeSwN0ZoZaLa
7.5,SOLID DEAL,"2008-09 Topps Treasury Bronze Refractor 497/999 Dirk Nowitzki #41 HOF 9v7",22.49,631.12,96,99.6,1300345,N/A,"",https://www.ebay.com/itm/236611984473?_skw=dirk+nowitzki+refractor&hash=item37172c5c59:g:738AAeSwpNlpf0m9
7.5,SOLID DEAL,"Dirk Nowitzki Card 2000-01 Topps Chrome Refractor #13 PSA 9",150,1705.09,91,99.9,121890,N/A,"",https://www.ebay.com/itm/135180603749?_skw=dirk+nowitzki+refractor&hash=item1f79645165:g:G48AAOSwERpmsPYc
7.5,SOLID DEAL,"2025-26 Topps Chrome #246 Dirk Nowitzki Refractor",1.95,17,89,100.0,11093,N/A,"",https://www.ebay.com/itm/157619148439?_skw=dirk+nowitzki+refractor&hash=item24b2d55697:g:x-UAAeSwTyFpawpK
7.5,SOLID DEAL,"2025-26 Topps Chrome BASKETBALL REFRACTOR 246 DIRK NOWITZKI Dallas Mavericks HOF",4.95,19.125,74,100.0,9712,N/A,"",https://www.ebay.com/itm/116947668134?_skw=dirk+nowitzki+refractor&hash=item1b3a9fcca6:g:XJMAAeSwMMhpTflu
7.5,SOLID DEAL,"2025-26 Topps Chrome Geometric Refractor Dirk Nowitzki #246",5.13,17,70,99.9,3254,N/A,"",https://www.ebay.com/itm/317759505527?_skw=dirk+nowitzki+refractor&hash=item49fbf14477:g:1zUAAeSwFRZpW9jh
7.5,SOLID DEAL,"2025-26 Topps Chrome Dirk Nowitzki Ball Of Duty Refractor Dallas Mavs #BD-17",2.59,19.125,86,99.9,25659,N/A,"",https://www.ebay.com/itm/317783539178?_skw=dirk+nowitzki+refractor&hash=item49fd5ffdea:g:b5YAAeSw~Lxpb8fv
7.5,SOLID DEAL,"2002-03 Topps Chrome White Border Refractor 166/249 Dirk Nowitzki #29 HOF h8k",83.73,472.59000000000003,82,99.6,1300345,N/A,"",https://www.ebay.com/itm/336399419055?_skw=dirk+nowitzki+refractor&hash=item4e52f7c6af:g:BHUAAeSwWYJpcNLV
7.5,SOLID DEAL,"2025-26 Topps Chrome #246 Dirk Nowitzki Refractor",1.98,17,88,99.9,3068,N/A,"",https://www.ebay.com/itm/236566805897?_skw=dirk+nowitzki+refractor&hash=item37147afd89:g:97oAAeSw0CNpXFwC
7.5,SOLID DEAL,"1999-2000 Topps Finest Refractor #60 Dirk Nowitzki",704.78,1875.09,62,100.0,4077,N/A,"",https://www.ebay.com/itm/254250978176?_skw=dirk+nowitzki+refractor&hash=item3b328a0b80:g:KfoAAOSwNP5c8zqS
7.5,SOLID DEAL,"Dirk Nowitzki 2025-26 Topps Chrome Skylight Refractor #246 Dallas Mavericks",4.99,17,71,100.0,3299,N/A,"",https://www.ebay.com/itm/188005746060?_skw=dirk+nowitzki+refractor&hash=item2bc604058c:g:mzQAAeSwy3Jpe3nC
7.5,SOLID DEAL,"2025-26 Topps Chrome Refractors #246 Dirk Nowitzki Mavericks",2.5,17,85,100.0,4589,N/A,"",https://www.ebay.com/itm/157586334412?_skw=dirk+nowitzki+refractor&hash=item24b0e0a2cc:g:6p8AAeSw~GZpWB~U
7.5,SOLID DEAL,"2003-04 Topps Pristine Gold Refractor 34/99 Dirk Nowitzki #41 HOF 1f1",318.59,2141.15,85,99.6,1300345,N/A,"",https://www.ebay.com/itm/336392379760?_skw=dirk+nowitzki+refractor&hash=item4e528c5d70:g:CIcAAeSwTyFpajZX
7.5,SOLID DEAL,"2003-04 Topps Chrome Basketball Refractor #41 Dirk Nowitzki",40.49,2141.15,98,99.9,19912,N/A,"",https://www.ebay.com/itm/297513855237?_skw=dirk+nowitzki+refractor&hash=item4545352905:g:tSQAAeSwj7VojmpY
7.5,SOLID DEAL,"2005-06 Topps Finest Basketball REFRACTOR #28 Dirk Nowitzki Mavericks #18/349",49.99,599.17,92,99.9,21563,N/A,"",https://www.ebay.com/itm/326752191162?_skw=dirk+nowitzki+refractor&hash=item4c13f2c2ba:g:UfcAAeSwdIhos3-9
7.5,SOLID DEAL,"2004-05 Topps Chrome Refractor Dirk Nowitzki #41 HOF s7f",53.53,259.16,79,99.6,1300345,N/A,"",https://www.ebay.com/itm/257317333314?_skw=dirk+nowitzki+refractor&hash=item3be94ee942:g:DnIAAeSwlwhpblT7
7.5,SOLID DEAL,"2025-26 Topps Chrome #SY-10 Dirk Nowitzki Serenity Refractor",4.31,19.125,77,99.9,2717,N/A,"",https://www.ebay.com/itm/127594048338?_skw=dirk+nowitzki+refractor&hash=item1db532ab52:g:lYcAAeSwUXtpVI0U
7,SOLID DEAL,"2007-08 Topps Chrome - Dirk Nowitzki #41 1957-58 Variations Refractor 681/999",45,424.99,89,100.0,111,N/A,"",https://www.ebay.com/itm/376879185407?_skw=dirk+nowitzki+refractor&hash=item57bfbffdff:g:nZEAAeSwLmtpbs0Q
7,SOLID DEAL,"2025-2026 Topps Chrome Dirk Nowitzki Skylight Refractor Fanatics Exclusive",4,19.125,79,99.4,569,N/A,"",https://www.ebay.com/itm/227174988530?_skw=dirk+nowitzki+refractor&hash=item34e4af3af2:g:aPwAAeSw5mlpaJ3e
7,SOLID DEAL,"2007-08 Topps Chrome - Dirk Nowitzki #41 Refractor /999",95,424.99,78,100.0,140,N/A,"",https://www.ebay.com/itm/317779922819?_skw=dirk+nowitzki+refractor&hash=item49fd28cf83:g:b0wAAeSwCmlpONYB
7,SOLID DEAL,"2025-26 Topps Chrome - Serenity Dirk Nowitzki #SY-10 Base Insert",1,19.125,95,99.8,537,N/A,"",https://www.ebay.com/itm/137007661224?_skw=dirk+nowitzki+refractor&hash=item1fe64b00a8:g:YdkAAeSwyqhpfdDm
7,SOLID DEAL,"Dirk Nowitzki 2025-26 Topps Chrome Skylight Refractor #246 Dallas Mavericks",5.5,17,68,100.0,601,N/A,"",https://www.ebay.com/itm/236607928741?_skw=dirk+nowitzki+refractor&hash=item3716ee79a5:g:bwkAAeSwQGJpe-fM
7,SOLID DEAL,"2025 Topps Chrome Dirk Nowitzki REFRACTOR #246 Mavericks HOF Legend",2.2,17,87,100.0,603,N/A,"",https://www.ebay.com/itm/326941491400?_skw=dirk+nowitzki+refractor&hash=item4c1f3b40c8:g:~DgAAeSwUjZpWokz
7,SOLID DEAL,"2007-08 Topps Chrome Dirk Nowitzki #41 1957-58 Variations Refractor /999 - Mavs",44.99,424.99,89,100.0,254,N/A,"",https://www.ebay.com/itm/336372698218?_skw=dirk+nowitzki+refractor&hash=item4e51600c6a:g:EOAAAeSw4NBpWKlO
6.7,DECENT,"2004-05 Bowman Chrome Basketball REFRACTOR Dirk Nowitzki #41 - /300 PSA 9 mint ",104.88,259.16,60,100.0,489,N/A,"",https://www.ebay.com/itm/267482714595?_skw=dirk+nowitzki+refractor&hash=item3e473651e3:g:ebgAAeSwWvdpHw-u
6.5,DECENT,"DIRK NOWITZKI 2025-26 Topps Chrome Serenity Refractor #SY-10 Mavericks ",0.99,19.125,95,100.0,341,N/A,"",https://www.ebay.com/itm/236613966122?_skw=dirk+nowitzki+refractor&hash=item37174a992a:g:kZEAAeSwANVpgL2w
6.5,DECENT,"2025-26 Topps Chrome Dirk Nowitzki Serenity Aqua Refractor /199",7.99,19.125,58,100.0,238,N/A,"",https://www.ebay.com/itm/389563236135?_skw=dirk+nowitzki+refractor&hash=item5ab3c73f27:g:89AAAeSwIidpfr~9
6.5,DECENT,"2005 Topps Chrome Chosen One Refractor #CO-DN Dirk Nowitzki HOF /99 PSA 9",404.9,682.55,41,100.0,1597,N/A,"",https://www.ebay.com/itm/116940857139?_skw=dirk+nowitzki+refractor&hash=item1b3a37df33:g:R7MAAeSw8xZpSMMv&amdata=enc%3AAQALAAAA8DZq0hFgvSYlgrFkWCFZ3z15I6RVT%2BjdDF%2FqxGELoWC5pdsHaTbahNQsfJClE9HnCVAS0iKKQKOfu6LffzhpmgZRThd8rJxlq0VUlzNAvlYSI7Q2fjeVmZteLaYgI9XhtvocCGIw2BZsmtRyAlLVZe4CffOOCRSfvNfjbHwJnjeRSDW89%2B%2By8ypmAOLjy%2FCxj8Zt5DmEDd2n0qitCo2sKnKBQK2tAX5dGiN%2BFfrlKBaMNPP8EsKMqhZpM1Ydi%2FM9Ti16DvM2kRMdyqEvFhKcTXpptR8SWQyF9v%2FwHHxlaon5%2BdMR1s2G6ep3NAnZFuFTIw%3D%3D
6.5,DECENT,"Dirk Nowitzki 2025-26 Topps Chrome Serenity Refractor",1.99,19.125,90,100.0,246,N/A,"",https://www.ebay.com/itm/257332544902?_skw=dirk+nowitzki+refractor&hash=item3bea370586:g:lPcAAeSwAlVpeUul
6.5,DECENT,"2002 TOPPS CHROME REFRACTOR #29 DIRK NOWITZKI PSA 10",305.99,472.59000000000003,35,99.9,357088,N/A,"",https://www.ebay.com/itm/306718657176?_skw=dirk+nowitzki+refractor&hash=item4769db4a98:g:eLgAAeSwYO1pbYTg
6.5,DECENT,"1999 Topps Finest Gold Refractor 15/100 Dirk Nowitzki ",575,1875.09,69,100.0,283,N/A,"",https://www.ebay.com/itm/397513451340?_skw=dirk+nowitzki+refractor&hash=item5c8da5e74c:g:lTYAAeSwgaVpbrhR
6.5,DECENT,"2025-26 Topps Chrome #BD-17 Dirk Nowitzki Ball of Duty Teal Refractor #/299",12.99,19.125,32,100.0,1677,N/A,"",https://www.ebay.com/itm/287113422044?_skw=dirk+nowitzki+refractor&hash=item42d94b24dc:g:SEMAAeSwR8hpfpem
6.5,DECENT,"Dirk Nowitzki 2025-26 Topps Chrome Serenity Refractor Dallas Mavericks",1.5,19.125,92,100.0,206,N/A,"",https://www.ebay.com/itm/157639424673?_skw=dirk+nowitzki+refractor&hash=item24b40abaa1:g:Un0AAeSwoRFpd7gO
6.5,DECENT,"2025-26 Topps Chrome NBA #246 Dirk Nowitzki Basketball Refractor",4,17,76,99.3,239,N/A,"",https://www.ebay.com/itm/397466581199?_skw=dirk+nowitzki+refractor&hash=item5c8adab8cf:g:H2gAAeSwUXtpXDKS
6.5,DECENT,"2025-26 Topps Chrome #TT-13 Dirk Nowitzki Tall Tales Aqua Refractor /199",9.99,19.125,48,99.9,13267,N/A,"",https://www.ebay.com/itm/147111023315?_skw=dirk+nowitzki+refractor&hash=item22408012d3:g:KAUAAeSw6Ytpc3-C
6.5,DECENT,"2025-26 Topps Chrome Dirk Nowitzki Serenity SY-10 Refractor Mavericks SP",2.99,19.125,84,100.0,103,N/A,"",https://www.ebay.com/itm/397462512621?_skw=dirk+nowitzki+refractor&hash=item5c8a9ca3ed:g:nTgAAeSwPF5pWqfo
6.5,DECENT,"2025-26 Topps Chrome Dirk Nowitzki 168/199 Clutch Gene Aqua Refractor #CG-22",8.99,19.125,53,99.7,312,N/A,"",https://www.ebay.com/itm/358124989664?_skw=dirk+nowitzki+refractor&hash=item5361e9ace0:g:lPsAAeSwCFRpavgu
6.5,DECENT,"2023-24 Topps Finest - Common Dirk Nowitzki #95 Blue Refractor /150",10,84.99,88,100.0,189,N/A,"",https://www.ebay.com/itm/317803240183?_skw=dirk+nowitzki+refractor&hash=item49fe8c9af7:g:EmcAAeSwAfRpduXa
6.5,DECENT,"2025-26 Topps Chrome- Clutch Gene Dirk Nowitzki #CG-22 Refractor",9.15,19.125,52,100.0,356,N/A,"",https://www.ebay.com/itm/306696166142?_skw=dirk+nowitzki+refractor&hash=item4768841afe:g:-tAAAeSwy6lpXJEH
6.5,DECENT,"2025-26 Topps Chrome Dirk Nowitzki Ball Of Duty Refractor #BD-17 Mavericks",2,19.125,90,100.0,179,N/A,"",https://www.ebay.com/itm/366165026617?_skw=dirk+nowitzki+refractor&hash=item554122e739:g:jOsAAeSwZpxpcpaI
6.5,DECENT,"2025-26 Topps Chrome #246 Dirk Nowitzki Basketball Refractor",2.5,17,85,100.0,315,N/A,"",https://www.ebay.com/itm/127626751252?_skw=dirk+nowitzki+refractor&hash=item1db725ad14:g:n1cAAeSw0Itpabfp
6.5,DECENT,"2003 Topps Chrome #41 Dirk Nowitzki Mavericks HOF NBA Card",10,2141.15,100,100.0,338,N/A,"",https://www.ebay.com/itm/135613381829?_skw=dirk+nowitzki+refractor&hash=item1f932ffcc5:g:MAwAAeSwyI5nz4a8
6,DECENT,"2025-26 Topps Chrome Dirk Nowitzki Serenity Yellow Refractor /275",9.2,19.125,52,100.0,31,N/A,"",https://www.ebay.com/itm/117011959607?_skw=dirk+nowitzki+refractor&hash=item1b3e74cf37:g:fWkAAeSw-ghpfl~4
6,DECENT,"2025-26 Topps Chrome - Clutch Gene Dirk Nowitzki #CG-22 Refractor",8.99,19.125,53,100.0,30,N/A,"",https://www.ebay.com/itm/317798792198?_skw=dirk+nowitzki+refractor&hash=item49fe48bc06:g:qmkAAeSw-PppdVon
6,DECENT,"2025-26 Topps Chrome - Dirk Nowitzki Serenity Refractor - Mavericks",1.99,19.125,90,100.0,87,N/A,"",https://www.ebay.com/itm/366167422939?_skw=dirk+nowitzki+refractor&hash=item55414777db:g:TkcAAeSwtbtpf7NA
6,DECENT,"2025-26 Topps Chrome Dirk Nowitzki Serenity Refractor #SY-10 Mavericks",3.5,19.125,82,100.0,73,N/A,"",https://www.ebay.com/itm/397560707288?_skw=dirk+nowitzki+refractor&hash=item5c9076f8d8:g:7TAAAeSwyZNpf-JB
6,DECENT,"2003-04 Topps Chrome - Dirk Nowitzki #41",16.32,2141.15,99,100.0,81,N/A,"",https://www.ebay.com/itm/197959290295?_skw=dirk+nowitzki+refractor&hash=item2e174b0db7:g:mX8AAeSwIolpRFBc
6,DECENT,"2025-26 Topps Chrome Basketball #246 - Dirk Nowitzki Refractor Parallel - MAVS",1.4,17,92,100.0,11,N/A,"",https://www.ebay.com/itm/147093005693?_skw=dirk+nowitzki+refractor&hash=item223f6d257d:g:7PsAAeSwy-lpZ-98
6,DECENT,"2025-26 Topps Chrome Dirk Nowitzki Serenity REFRACTOR #SY-10 Dallas Mavericks A9",2.49,19.125,87,100.0,55,N/A,"",https://www.ebay.com/itm/168127195375?_skw=dirk+nowitzki+refractor&hash=item27252968ef:g:GDUAAeSwvD5pf1GC
5.5,MAYBE,"2025-26 Topps Chrome - Ball of Duty Dirk Nowitzki #BD-17 Aqua Refractor /199",11.49,19.125,40,100.0,344,N/A,"",https://www.ebay.com/itm/198066579108?_skw=dirk+nowitzki+refractor&hash=item2e1db026a4:g:x5sAAeSwAUhpfOou
5.5,MAYBE,"DIRK NOWITZKI 2025-26 Topps Chrome #246 Aqua Refractor #050/199",13.24,17,22,99.9,21065,N/A,"",https://www.ebay.com/itm/389559187920?_skw=dirk+nowitzki+refractor&hash=item5ab38979d0:g:ifMAAeSwcGNpfOxi
5.5,MAYBE,"( /25 ) Dirk Nowitzki 2004-05 Topps Finest #106 Blue X-factor JSY Refractor SSP",275,381.65,28,99.7,1131,N/A,"",https://www.ebay.com/itm/397188441687?_skw=dirk+nowitzki+refractor&hash=item5c7a46a657:g:0T4AAOSwry9oHpLy
5.5,MAYBE,"2007 TOPPS CHROME 1957-58 VAR-ORANGE REFRACTOR #41 DIRK NOWITZKI 5/199 PSA 10",225.98,308.535,27,99.9,357088,N/A,"",https://www.ebay.com/itm/297771047454?_skw=dirk+nowitzki+refractor&hash=item4554899a1e:g:88oAAeSwCfNo3ulj
5,MAYBE,"2025-26 Topps Chrome - Ball of Duty Dirk Nowitzki #BD-17 Magenta Refractor /399",10.99,19.125,43,100.0,59,N/A,"",https://www.ebay.com/itm/326979308582?_skw=dirk+nowitzki+refractor&hash=item4c217c4c26:g:xnsAAeSwPE9pfhUe
4.5,QUESTIONABLE,"2002 TOPPS CHROME REFRACTOR #29 DIRK NOWITZKI PSA 10",405.99,472.59000000000003,14,99.9,357088,N/A,"",https://www.ebay.com/itm/117013257438?_skw=dirk+nowitzki+refractor&hash=item1b3e889cde:g:A9kAAeSw--Vpf6js
4.5,QUESTIONABLE,"2025 Topps Chrome - Dirk Nowitzki Aqua Basketball Refractor /199",14.99,19.125,22,100.0,109,N/A,"",https://www.ebay.com/itm/236577044754?_skw=dirk+nowitzki+refractor&hash=item3715173912:g:QaEAAeSwgitpZCuk
4.2,QUESTIONABLE,"Dirk Nowitzki HOF 2007 Topps Chrome White Refractor Set SP /99 PSA 10 GEM MINT",1004.9,688.5,-46,100.0,1597,N/A,"",https://www.ebay.com/itm/116777817908?_skw=dirk+nowitzki+refractor&hash=item1b30801734:g:gzoAAeSwAKNoxRYs&amdata=enc%3AAQALAAAA8DZq0hFgvSYlgrFkWCFZ3z3YyehR6mOpa7Oxig9nXt%2B2i%2F6CmSRPFHKdRhHZ8Dokb2CUQoFJFkDw1xfel%2BdCshiolo4FxOmqnSR6CirWkTlwvzsbB0NKrl%2FN7nSViXiv2yn8dVkcmbRacbpdLxFFnc2D5guQ7jn8Qt3X5E7lFdqaxjB4NTjHfNz2QFvmMW9ginS7zb594yCBGyGifRXIbMbAXsXk1ZrbQ%2FQf3fnuaoKIamuXi3LcqKl9N3C8hPtbfNfdsGmCSQEnZ6BevMQLlOuGCW7AUzCCxBY4v%2BYi6GlRx6bKoYtVZ%2FBo8I%2FznBsB%2Bw%3D%3D
3.7,SKIP,"1998-99 Topps Chrome Dirk Nowitzki Refractor Rookie RC #154 PSA 9 Mint Mavericks",2509.99,N/A,N/A,100.0,1168,N/A,"",https://www.ebay.com/itm/168100341026?_skw=dirk+nowitzki+refractor&hash=item27238fa522:g:RHAAAeSwG~hpcTKq
3.7,SKIP,"2004-05 Bowman Draft Chrome Refractor /300 Dirk Nowitzki #41 HOF PSA 10 GEM MINT",304.9,259.16,-18,100.0,1597,N/A,"",https://www.ebay.com/itm/116777740800?_skw=dirk+nowitzki+refractor&hash=item1b307eea00:g:NHkAAeSwH3ZoxPpe&amdata=enc%3AAQALAAAA8DZq0hFgvSYlgrFkWCFZ3z1oY%2Ft--Ci6NTjTmRw36QAJF1gNV60geIDOHwbprl%2B7HIXWg5t%2BPKttBThbc5vaE4OD6BxNPuQz3CNbWFygvlkE%2FPDwHXVC8%2B8YtRBI%2FEu9XBUpVFJ1psFTx%2FJXxCEHE6E5QEilRBhwoRByplrC%2FImfIjzquvxGrjySFxfqp%2FZePodvsfRQWVDBN5KPn78l6yNFTOuzMjdAKrVEhVDFJ8u%2BYN%2BiDclEoHcgJEKrQmmEMw7v9zcdaLItjkCmHjSIMrmAZdegd3bCP0%2FjxZOTFss39WDZI04k%2BgocIKVUOOvnxw%3D%3D
3.7,SKIP,"2005 TOPPS FINEST #28 DIRK NOWITZKI HOF RED XFRACTOR /139 PSA 10 GEM MINT POP 5",704.9,599.17,-18,100.0,1597,N/A,"",https://www.ebay.com/itm/116764189044?_skw=dirk+nowitzki+refractor&hash=item1b2fb02174:g:RF0AAeSwvARouTT-&amdata=enc%3AAQALAAAA8DZq0hFgvSYlgrFkWCFZ3z1ZOrlGYJgy5NyrJFqhwv8IjKglQB0uPhvN2dRmwOboPIcmETR5IXQPsZhdaqevVmOp8WOl36zAD0dBEN5lbO8R%2BPoniXoYdAgecMtHF7fccli4EAoN8mBInNiyF0gnxipP7RoF5irTsSWRVRqZCr%2F9m%2B6TPW8UXYC1vwHu%2BxDpyi92ZNniIPA1ZQjmdFf1QIE4uPX2%2B0nx3QVkdN%2F%2BKsOMBk%2BK2%2BjF8De9R3ShIk%2BAO4TL9X%2BKtXKV44BDd5cjyHshIH4umb1cuKWiWUouhNOatD%2FYi%2BOF6Uf7LIIN%2BheoWw%3D%3D
3.7,SKIP,"2005-06 Topps Chrome Dirk Nowitzki BLACK REFRACTOR #72 GEM MINT PSA 10 MAVS HOF",607,515.95,-18,100.0,1423,N/A,"",https://www.ebay.com/itm/177797837851?_skw=dirk+nowitzki+refractor&hash=item296593b41b:g:aLUAAeSwjztpcdRb
3.7,SKIP,"1998/99 Topps Chrome Refractor #154 Dirk Nowitzki PSA MINT 9 *3298",1900,N/A,N/A,100.0,108921,N/A,"",https://www.ebay.com/itm/133965290836?_skw=dirk+nowitzki+refractor&hash=item1f30f41d54:g:dIsAAOSwwpZhjThO
3.5,SKIP,"2025-26 Topps Chrome - Dirk Nowitzki #246 Purple Refractor /75",16.99,N/A,N/A,100.0,2437,N/A,"",https://www.ebay.com/itm/297962263840?_skw=dirk+nowitzki+refractor&hash=item455fef5520:g:YyIAAeSwLU1pc8B-
3.5,SKIP,"2006-07 Topps Bowman Chrome Dirk Nowitzki XFractor /150 Refractor PSA 8",141.98,N/A,N/A,100.0,1978,N/A,"",https://www.ebay.com/itm/336412603276?_skw=dirk+nowitzki+refractor&hash=item4e53c0f38c:g:Rm8AAOSwRfJhqVNL
3.5,SKIP,"Dirk Nowitzki Dallas Mavericks 01-02 Topps Chrome Refractor #49",41.95,N/A,N/A,100.0,2379,N/A,"",https://www.ebay.com/itm/205933536517?_skw=dirk+nowitzki+refractor&hash=item2ff2986505:g:wYUAAeSwDWxpRe4S
3.5,SKIP,"1998 Topps Chrome Dirk Nowitzki Refractor #154 BGS 8.5 Rookie RC",1405,N/A,N/A,99.3,16395,N/A,"",https://www.ebay.com/itm/358146549643?_skw=dirk+nowitzki+refractor&hash=item536332a78b:g:kCMAAeSw9oppc2F8
3.5,SKIP,"2025-26 Topps Chrome - Dirk Nowitzki #246 Negative Refractor",14.99,17,12,100.0,201,N/A,"",https://www.ebay.com/itm/236595530273?_skw=dirk+nowitzki+refractor&hash=item3716314a21:g:0D4AAeSwurdpcl3Q
3.5,SKIP,"2025-26 Topps Chrome - Dirk Nowitzki #246 Blue Refractor /150",19.99,N/A,N/A,100.0,1698,N/A,"",https://www.ebay.com/itm/317824284148?_skw=dirk+nowitzki+refractor&hash=item49ffcdb5f4:g:MnsAAeSw9aBpfa~Z
3.5,SKIP,"2003 Bowman Rookies & Stars Chrome Refractor 253/300 Dirk Nowitzki #20 HOF lz7",40.03,N/A,N/A,99.6,1300345,N/A,"",https://www.ebay.com/itm/257339723596?_skw=dirk+nowitzki+refractor&hash=item3beaa48f4c:g:PYsAAeSwWm5pf0o~
3.5,SKIP,"Dirk Nowitzki 2025-26 Topps Chrome Red White Blue Refractor #246 Mavericks",2.49,N/A,N/A,100.0,13634,N/A,"",https://www.ebay.com/itm/297972212956?_skw=dirk+nowitzki+refractor&hash=item45608724dc:g:Hj8AAeSwZpxpd-Nn
3.5,SKIP,"DIRK NOWITZKI 2025-26 Topps Chrome #246 Blue Basketball Refractor #134/150",36.49,N/A,N/A,99.9,21065,N/A,"",https://www.ebay.com/itm/389559187919?_skw=dirk+nowitzki+refractor&hash=item5ab38979cf:g:5xwAAeSwdUJpfOxZ
3.5,SKIP,"Dirk Nowitzki Topps Refractor Lot (5)",500,260.09,-92,100.0,163,N/A,"",https://www.ebay.com/itm/277679705696?_skw=dirk+nowitzki+refractor&hash=item40a7000e60:g:Y44AAeSwIkZpeQop
3.5,SKIP,"2006-07 Topps Finest BLUE REFRACTOR #12 Dirk Nowitzki - Dallas Mavericks #9/299",39.99,N/A,N/A,99.9,21563,N/A,"",https://www.ebay.com/itm/326748351099?_skw=dirk+nowitzki+refractor&hash=item4c13b82a7b:g:AXgAAeSwi15or559
3.5,SKIP,"2009 TOPPS CHROME REFRACTOR #21 DIRK NOWITZKI 44/500 PSA 9",205.99,N/A,N/A,99.9,357088,N/A,"",https://www.ebay.com/itm/306512859781?_skw=dirk+nowitzki+refractor&hash=item475d971285:g:hBYAAeSwjB5o0q8V
3.5,SKIP,"2025 Topps Chrome Basketball Dirk Nowitzki TALL TALES SP BLUE REFRACTOR /150",15.73,N/A,N/A,100.0,1387,N/A,"",https://www.ebay.com/itm/306679207223?_skw=dirk+nowitzki+refractor&hash=item4767815537:g:6qIAAeSwlNNpT4sQ
3.5,SKIP,"2006 Finest DIRK NOWITZKI Mavericks HOF Red REFRACTOR Card # 12 Low Pop PSA 9",31.51,N/A,N/A,99.8,6084,N/A,"",https://www.ebay.com/itm/168073673894?_skw=dirk+nowitzki+refractor&hash=item2721f8bca6:g:FRcAAOSwgWRmju0v
3.5,SKIP,"1998-99 Bowman's Best - Dirk Nowitzki #109 Refractor /400 (RC)",850,N/A,N/A,99.6,1428,N/A,"",https://www.ebay.com/itm/177788491805?_skw=dirk+nowitzki+refractor&hash=item296505181d:g:R8kAAeSwc7ZpbWLA
3.5,SKIP,"Dirk Nowitzki 2004-05 Topps Chrome Gold Refractor #41 #/99 PSA 8 MAVERICKS HOF",399.99,N/A,N/A,100.0,9387,N/A,"",https://www.ebay.com/itm/226919469963?_skw=dirk+nowitzki+refractor&hash=item34d574538b:g:HqIAAeSwl7xonSxo
3.5,SKIP,"Dirk Nowitzki 2025 Topps Chrome Purple Refractor Auto 65/75",505.5,N/A,N/A,99.9,245956,N/A,"",https://www.ebay.com/itm/157625743454?_skw=dirk+nowitzki+refractor&hash=item24b339f85e:g:o7QAAeSwWxBpemzi
3.5,SKIP,"2025-26 Topps Chrome - DIRK NOWITZKI - ""GLASS CANVAS"" Refractor/SSP - MAVERICKS",124.95,19.125,-553,100.0,8903,N/A,"",https://www.ebay.com/itm/127629977568?_skw=dirk+nowitzki+refractor&hash=item1db756e7e0:g:rnEAAeSwnwBpbA-x
3.5,SKIP,"2025-26 Topps Chrome Basketball Dirk Nowitzki Orange Black Refractor NM",9.99,N/A,N/A,99.9,3372,N/A,"",https://www.ebay.com/itm/389483806653?_skw=dirk+nowitzki+refractor&hash=item5aaf0b3fbd:g:DeEAAeSw9J9pZFQG
3.5,SKIP,"Dirk Nowitzki HOF 2008-09 Bowman Chrome #41 Refractor /499 PSA 8 Mavericks",59.9,N/A,N/A,100.0,1597,N/A,"",https://www.ebay.com/itm/116645908958?_skw=dirk+nowitzki+refractor&hash=item1b28a351de:g:rawAAOSwNiloSP44
3.5,SKIP,"1998-99 Bowmans Best Dirk Nowitzki REFRACTOR /400 Rookie RC #109 Mavericks HOF",800,N/A,N/A,100.0,2667,N/A,"",https://www.ebay.com/itm/306742758756?_skw=dirk+nowitzki+refractor&hash=item476b4b0d64:g:rX8AAeSwkxBoCQ36
3.5,SKIP,"( /25 ) Dirk Nowitzki 2007-08 Topps Letterman #20 X-Fractor PSA 9 Mavericks",275,N/A,N/A,99.7,1131,N/A,"",https://www.ebay.com/itm/397499547022?_skw=dirk+nowitzki+refractor&hash=item5c8cd1bd8e:g:P04AAOSwHLxm257f
3.5,SKIP,"DIRK NOWITZKI 2007-08 Topps Finest Blue Refractor 033/199 PSA 8 NM-MT (Pop 3)",115.5,N/A,N/A,100.0,3936,N/A,"",https://www.ebay.com/itm/147121312444?_skw=dirk+nowitzki+refractor&hash=item22411d12bc:g:QF8AAeSwDANpKMe2
3.5,SKIP,"2025 Topps Chrome DIRK NOWITZKI Ball of Duty #BD17 Raywave Refractor Mavericks",2.89,N/A,N/A,99.9,77781,N/A,"",https://www.ebay.com/itm/366154151693?_skw=dirk+nowitzki+refractor&hash=item55407cf70d:g:Jm8AAeSw-M9peKaP
3.5,SKIP,"2025 Topps Chrome Tall Tales Green Refractor Dirk Nowitzki /199 Mavericks",10.49,N/A,N/A,100.0,2448,N/A,"",https://www.ebay.com/itm/397518833671?_skw=dirk+nowitzki+refractor&hash=item5c8df80807:g:HoMAAeSwgdZpcG~i
3.5,SKIP,"2004-05 Finest Red Refractor 106 Dirk Nowitzki Jersey 12/79",50,N/A,N/A,99.9,56299,N/A,"",https://www.ebay.com/itm/366144312378?_skw=dirk+nowitzki+refractor&hash=item553fe6d43a:g:1sAAAeSw~85pcvbG
3.5,SKIP,"2025-26 Topps Chrome Dirk Nowitzki Clutch Gene Green Geometric Refractor 20/99",15.98,N/A,N/A,99.6,5125,N/A,"",https://www.ebay.com/itm/198057834388?_skw=dirk+nowitzki+refractor&hash=item2e1d2ab794:g:ukYAAeSwvOBpeDaG
3.5,SKIP,"2023-24 Dirk Nowitzki Topps Chrome Pink Basketball Refractor #98 Mavericks",0.99,N/A,N/A,100.0,4141,N/A,"",https://www.ebay.com/itm/336414995675?_skw=dirk+nowitzki+refractor&hash=item4e53e574db:g:l6oAAeSwqPxoyFRi
3.5,SKIP,"2025-26 TOPPS CHROME DIRK NOWITZKI #BD-17 BALL OF DUTY GREEN REFRACTOR /99",26.75,N/A,N/A,100.0,4704,3,"",https://www.ebay.com/itm/206042065018?_skw=dirk+nowitzki+refractor&hash=item2ff910687a:g:lgwAAeSw59Npdhj7
3.5,SKIP,"2025-26 Topps Chrome - Ball of Duty Dirk Nowitzki #BD-17 RayWave Refractor",3,N/A,N/A,100.0,6035,N/A,"",https://www.ebay.com/itm/205988791935?_skw=dirk+nowitzki+refractor&hash=item2ff5e3867f:g:Mu8AAeSwCsxpYp3S
3.5,SKIP,"2025-26 Topps Chrome Dirk Nowitzki Tall Tales Geometric Green Refractor #60/99",20,N/A,N/A,100.0,1860,N/A,"",https://www.ebay.com/itm/287048413946?_skw=dirk+nowitzki+refractor&hash=item42d56b32fa:g:6xsAAeSwvUBpV7Gc
3.5,SKIP,"2023-24 Topps Finest Dirk Nowitzki Showstoppers Checkerboard Refractor Mavericks",1.84,N/A,N/A,99.8,9150,N/A,"",https://www.ebay.com/itm/187006428725?_skw=dirk+nowitzki+refractor&hash=item2b8a73a635:g:r4QAAOSw2dpnnNil
3.5,SKIP,"2023-24 Topps Chrome - Dirk Nowitzki #98 Negative Refractor",2.99,N/A,N/A,100.0,1289,N/A,"",https://www.ebay.com/itm/389122917929?_skw=dirk+nowitzki+refractor&hash=item5a99888629:g:V9kAAeSwqTZo9tfE
3.5,SKIP,"Dirk Nowitzki 2025-26 Topps Chrome Blue Wave Refractor SP /150 #246 Mavericks",44.99,N/A,N/A,99.9,10314,N/A,"",https://www.ebay.com/itm/317693388072?_skw=dirk+nowitzki+refractor&hash=item49f8006528:g:bN0AAeSwPq9pS-hM
3.5,SKIP,"2005 Finest Dirk Nowitzki Gold Refractor /39 #28 PSA 9",856.99,N/A,N/A,99.8,9437,N/A,"",https://www.ebay.com/itm/388984937326?_skw=dirk+nowitzki+refractor&hash=item5a914f1b6e:g:GAYAAeSwgolowKkv
3.5,SKIP,"Dirk Nowitzki 2001-02 Topps Chrome REFRACTOR ðŸ’Ž Dallas Mavericks HOF",64.48,N/A,N/A,100.0,6579,N/A,"",https://www.ebay.com/itm/127621627982?_skw=dirk+nowitzki+refractor&hash=item1db6d7804e:g:GZ8AAOSw4sRh0eqm
3.5,SKIP,"2025-26 Topps Chrome Dirk Nowitzki SERENITY Raywave Refractor Mavericks",6.25,N/A,N/A,99.9,1471,N/A,"",https://www.ebay.com/itm/389515330836?_skw=dirk+nowitzki+refractor&hash=item5ab0ec4514:g:D6AAAeSw7PtpbvRB
3.5,SKIP,"2024 Topps Finest Dirk Nowitzki Showstoppers Refractor SS-15  PWE",2.99,N/A,N/A,100.0,58492,N/A,"",https://www.ebay.com/itm/376224340795?_skw=dirk+nowitzki+refractor&hash=item5798b7db3b:g:7iAAAOSw9FloGSLQ
3.5,SKIP,"PSA 9 DIRK NOWITZKI 2007-08 BOWMAN CHROME REFRACTOR GOLD #/99 *DALLAS MAVERICKS*",229.99,N/A,N/A,99.5,28996,N/A,"",https://www.ebay.com/itm/136676118745?_skw=dirk+nowitzki+refractor&hash=item1fd28810d9:g:n4YAAeSw7lFpAqvm
3.5,SKIP,"2025-26 Topps Chrome Dirk Nowitzki Red White & Blue Refractor LEGEND Mavericks",3.75,N/A,N/A,99.9,1046,N/A,"",https://www.ebay.com/itm/297953101576?_skw=dirk+nowitzki+refractor&hash=item455f638708:g:CC4AAeSwQxppcBJe
3.5,SKIP,"2025-26 Topps Chrome #246 RayWave Refractor Dirk Nowitzki HOF Dallas Mavericks",2.99,N/A,N/A,99.8,1451,N/A,"",https://www.ebay.com/itm/358130580157?_skw=dirk+nowitzki+refractor&hash=item53623efabd:g:3kMAAeSwvrRpbY03
3.5,SKIP,"2009 TOPPS CHROME REFRACTOR #21 DIRK NOWITZKI 81/500 PSA 8",130.99,N/A,N/A,99.9,357088,N/A,"",https://www.ebay.com/itm/116888568670?_skw=dirk+nowitzki+refractor&hash=item1b371a035e:g:SxMAAeSwuhZpHjMz
3.5,SKIP,"Dirk Nowitzki 2025-26 Topps Chrome Serenity #SY-10 Blue Refractor #'d 017/150",14.99,N/A,N/A,100.0,1698,N/A,"",https://www.ebay.com/itm/227156070352?_skw=dirk+nowitzki+refractor&hash=item34e38e8fd0:g:QF8AAeSwyElpVuE9
3.5,SKIP,"DIRK NOWITZKI 2002-03 Topps PRISTINE Borders Relics REFRACTOR /25 BGS 9.5 Pop 1",808.8,472.59000000000003,-71,100.0,2788,N/A,"",https://www.ebay.com/itm/137003227469?_skw=dirk+nowitzki+refractor&hash=item1fe607594d:g:BEQAAeSwaQdpfo1q
3.5,SKIP,"ROOKiE Dirk Nowitzki REFRACTOR 2003 Bowman Chrome SP /300 #20 HOF SGC Low POP",145.49,N/A,N/A,99.2,1253,N/A,"",https://www.ebay.com/itm/296302610213?_skw=dirk+nowitzki+refractor&hash=item44fd030725:g:lDkAAOSwG3hl6k9E&amdata=enc%3AAQALAAAA8DZq0hFgvSYlgrFkWCFZ3z2NOZ39Ck8UpE4UlQN65ItSZlUoYS8mLDKKODRqF%2BayQENnCxeXalWKF953PSYW97JrtJ3609oVrQIibQlqGod0JN85YHd4Ykg3rgf7lgdbp4y%2B419NcKE8Z5%2FwnVNG9jpWpGk0egGNFcr5DOTwDCDV4VNogII3HYoqR8mvrc4a9qGELTJAOPO2G%2FEP4ZCo6%2BzFYWkNRIgaiTCzxWXAPTcdOb2w2wfJkHkhzBRDaY03C%2B03nuFqSe%2B0cKZB64LB3htbBtPpVkXc4VKdvD91RuZIWUhhHFsYucXlb4ihA3BG1w%3D%3D
3.2,SKIP,"2007 Topps Finest Refractor 4 Dirk Nowitzki GEM MT POP 9 PSA 10",89.09,75.73,-18,100.0,587,N/A,"",https://www.ebay.com/itm/306650585753?_skw=dirk+nowitzki+refractor&hash=item4765cc9a99:g:wPgAAeSwHb5pOLbC
3.2,SKIP,"2005 Topps Chrome Gold Refractor /99 #72 Dirk Nowitzki Mavericks PSA 10 GEM MINT",1509.79,1283.32,-18,100.0,839,N/A,"",https://www.ebay.com/itm/236106309262?_skw=dirk+nowitzki+refractor&hash=item36f9085e8e:g:UPsAAeSwsuRoJ9n4
3,SKIP,"2025 Topps Chrome Basketball Dirk Nowitzki Silver Refractor",2.25,N/A,N/A,100.0,557,N/A,"",https://www.ebay.com/itm/389521955885?_skw=dirk+nowitzki+refractor&hash=item5ab1515c2d:g:bMoAAeSwBf9pcRNs
3,SKIP,"DIRK NOWITZKI 2025 Topps Chrome Basketball RayWave Refractor",4.99,N/A,N/A,99.4,602,N/A,"",https://www.ebay.com/itm/326973791378?_skw=dirk+nowitzki+refractor&hash=item4c21281c92:g:c28AAeSwyX9peUiQ
3,SKIP,"2025-26 Topps Chrome Dirk Nowitzki Clutch Gene Gold Refractor /50",55.24,N/A,N/A,100.0,880,N/A,"",https://www.ebay.com/itm/187889979773?_skw=dirk+nowitzki+refractor&hash=item2bbf1d917d:g:ALsAAeSwiK9pUXyz
3,SKIP,"2025 Topps Chrome Dirk Nowitzki Ray Wave Refractor #246 Dallas Mavericks ðŸ’Ž ",1.99,N/A,N/A,100.0,639,N/A,"",https://www.ebay.com/itm/336356672081?_skw=dirk+nowitzki+refractor&hash=item4e506b8251:g:w-gAAeSwsTBpSibe
3,SKIP,"2025-26 Topps Chrome #246 Dirk Nowitzki Yellow Basketball Refractor #/275",16.74,17,2,99.9,945,N/A,"",https://www.ebay.com/itm/297966874396?_skw=dirk+nowitzki+refractor&hash=item456035af1c:g:yO8AAeSwg~hpdb55
3,SKIP,"2006 Finest Dirk Nowitzki Refractor #12 PSA 10",81,79.00999999999999,-3,100.0,933,N/A,"",https://www.ebay.com/itm/326129867639?_skw=dirk+nowitzki+refractor&hash=item4beedadb77:g:dvQAAOSwmGxmRsGQ
3,SKIP,"2025-26 Topps Chrome #246 Dirk Nowitzki Pulsar Refractor",1.39,N/A,N/A,100.0,622,N/A,"",https://www.ebay.com/itm/198052360912?_skw=dirk+nowitzki+refractor&hash=item2e1cd732d0:g:ObcAAeSwKsNpdU6J
3,SKIP,"2025 Topps Chrome Dirk Nowitzki Purple Geometric Refractor /129 Mavericks HOF",9.75,N/A,N/A,100.0,713,N/A,"",https://www.ebay.com/itm/236613188062?_skw=dirk+nowitzki+refractor&hash=item37173eb9de:g:m4QAAeSwPHZpgC1O
3,SKIP,"2024-25 Topps Chrome - Purple Sonar Refractor #197 Dirk Nowitzki #/275",3.4,N/A,N/A,100.0,909,N/A,"",https://www.ebay.com/itm/236570323148?_skw=dirk+nowitzki+refractor&hash=item3714b0a8cc:g:o6cAAeSwYONpXxEl
3,SKIP,"2025-26 Topps Chrome Dirk Nowitzki #246 Purple Refractor /75",25,N/A,N/A,100.0,736,N/A,"",https://www.ebay.com/itm/257307674364?_skw=dirk+nowitzki+refractor&hash=item3be8bb86fc:g:sNkAAeSwncRpZvq2
3,SKIP,"2025-26 Topps Chrome #246 Dirk Nowitzki Red White and Blue Refractor",3.29,N/A,N/A,99.8,820,N/A,"",https://www.ebay.com/itm/187973090160?_skw=dirk+nowitzki+refractor&hash=item2bc411bb70:g:YT0AAeSwnuxpcFQD
3,SKIP,"2025-26 Topps Chrome Dirk Nowitzki Purple Pulsar Refractor /75 Card #246 SP",40.98,N/A,N/A,100.0,908,N/A,"",https://www.ebay.com/itm/116949294839?_skw=dirk+nowitzki+refractor&hash=item1b3ab89ef7:g:NxcAAeSwKe9pTzZI
3,SKIP,"DIRK NOWITZKI 2008 TOPPS CHROME WHITE REFRACTOR #59/99 SSP RARE!",190.5,N/A,N/A,100.0,742,N/A,"",https://www.ebay.com/itm/133766802112?_skw=dirk+nowitzki+refractor&hash=item1f251f6ac0:g:I54AAOSwvIBgpuA-
3,SKIP,"2025-26 Topps Chrome - Dirk Nowitzki #246 Purple Pulsar Refractor /75",41.5,N/A,N/A,100.0,520,N/A,"",https://www.ebay.com/itm/336354672526?_skw=dirk+nowitzki+refractor&hash=item4e504cff8e:g:IecAAeSwih9pSE-1
3,SKIP,"2025-26 Topps Chrome Dirk Nowitzki Clutch Gene Green Geometric Refractor /99",25.24,N/A,N/A,100.0,880,N/A,"",https://www.ebay.com/itm/187889981218?_skw=dirk+nowitzki+refractor&hash=item2bbf1d9722:g:jjcAAeSwWslpUX1F
2.7,SKIP,"2000 TOPPS GOLD LABEL CLASS 1 DIRK NOWITZKI REFRACTOR#17 MINT MAVERICKS NBA SSP",9.99,N/A,N/A,100.0,251,N/A,"",https://www.ebay.com/itm/227148411703?_skw=dirk+nowitzki+refractor&hash=item34e319b337:g:~XsAAeSwd01pRzeV
2.5,SKIP,"2025-26 Topps Chrome Dirk Nowitzki Gold Geometric Refractor Auto /50 Mavericks ",549.5,N/A,N/A,100.0,214,N/A,"",https://www.ebay.com/itm/389559144866?_skw=dirk+nowitzki+refractor&hash=item5ab388d1a2:g:ROkAAeSwKVBpfTyL
2.5,SKIP,"2025-26 Topps Chrome - Tall Tales Dirk Nowitzki Purple Geometric Refractor /75",18.99,N/A,N/A,100.0,160,N/A,"",https://www.ebay.com/itm/257334792954?_skw=dirk+nowitzki+refractor&hash=item3bea5952fa:g:vw0AAeSwKGxpewu5
2.5,SKIP,"1998 TOPPS CHROME REFRACTOR #154 DIRK NOWITZKI ROOKIE RC PSA 8 ",999,N/A,N/A,100.0,189,N/A,"",https://www.ebay.com/itm/287048535176?_skw=dirk+nowitzki+refractor&hash=item42d56d0c88:g:X4gAAeSwS8ZoTC1U
2.5,SKIP,"2023-24 Topps Chrome - Roundball Royalty Dirk Nowitzki #RR-4 Pink Refractor",0.99,N/A,N/A,100.0,138,N/A,"",https://www.ebay.com/itm/157653988818?_skw=dirk+nowitzki+refractor&hash=item24b4e8f5d2:g:UQ4AAeSwPHZpgE3Q
2.5,SKIP,"2025-26 Topps Chrome Dirk Nowitzki Auto Purple Refractor /75 Mavricks",311.98,N/A,N/A,100.0,136,N/A,"",https://www.ebay.com/itm/397555297591?_skw=dirk+nowitzki+refractor&hash=item5c90246d37:g:Z9cAAeSwMYJpfb6m
2.5,SKIP,"Dirk Nowitzki 2025-26 Topps Chrome Clutch Gene Orange /25 Refractor",49.99,N/A,N/A,99.6,491,N/A,"",https://www.ebay.com/itm/227187757895?_skw=dirk+nowitzki+refractor&hash=item34e5721347:g:uoYAAeSwHTZpdWJe&amdata=enc%3AAQALAAAA8DZq0hFgvSYlgrFkWCFZ3z1Hpp5gcf6gRJy9QbJW7cfihc3gPTdM5WbwEvVpKb1cE7Ba7Y2Sv4k5dCN%2F3KKbPNP5aLPzaxCMhgZD4pHedTD6MvM31mu8JaR9FiRddHvBH%2Fx9wxf%2B%2FIeF4DLcjI2oK3CYF4CZV%2F%2BGipokyGcKYAq9BQtEOaqWqxBCLR7fQLPSDikgS6AaJvg%2FL6MvYDilBprGQLzPu86NdNScmPONmLGyk%2FgD%2BSYVSzPgXnQFlfpcrRL0A7G0oA6IjAFsh0JFyJTVutZcOK72w43IglIbr798Az9Hrz4C5AGV85eVMiTG4g%3D%3D
2.5,SKIP,"DIRK NOWITZKI 2008-09 Bowman Chrome #41 Refractor /499 PSA 9",124.99,N/A,N/A,100.0,258,N/A,"",https://www.ebay.com/itm/406602819438?_skw=dirk+nowitzki+refractor&hash=item5eab6aa76e:g:6ygAAeSwYONpaZXP
2.5,SKIP,"DIRK NOWITZKI 2003-04 TOPPS CHROME #41 GOLD REFRACTOR #/99 PSA 10 (PSA Pop 3)",2519,2141.15,-18,100.0,213,N/A,"",https://www.ebay.com/itm/127645091485?_skw=dirk+nowitzki+refractor&hash=item1db83d869d:g:w7oAAeSwfxlpevTM
2.5,SKIP,"2025-26 Topps Chrome Basketball Dirk Nowitzki True Orange Refractor /25 #246 ",89.99,N/A,N/A,100.0,228,N/A,"",https://www.ebay.com/itm/157571015964?_skw=dirk+nowitzki+refractor&hash=item24aff6e51c:g:8dsAAeSwqEVpTwJJ
2.5,SKIP,"2006-07 Topps Finest BLUE REFRACTOR #12 Dirk Nowitzki /299",54.99,N/A,N/A,99.6,258,N/A,"",https://www.ebay.com/itm/366136885608?_skw=dirk+nowitzki+refractor&hash=item553f758168:g:M38AAeSwAZFpbvz2
2.5,SKIP,"2001 Bowmans Best Basketball Dirk Nowitzki Rare Holo Refractor #60 Mavericks",20.99,N/A,N/A,100.0,424,N/A,"",https://www.ebay.com/itm/326953948843?_skw=dirk+nowitzki+refractor&hash=item4c1ff956ab:g:PQMAAeSwnjBpZVXV
2.5,SKIP,"2025-26 Topps Chrome DIRK NOWITZKI Chromographs Auto! Green Refractor 43/99",230.98,N/A,N/A,99.7,305,N/A,"",https://www.ebay.com/itm/127651026125?_skw=dirk+nowitzki+refractor&hash=item1db89814cd:g:90sAAeSwtJJpeim0
2.5,SKIP,"Dirk Nowitzki 1998 Bowmanâ€™s Best Atomic Refractor Rookie /100 BGS 9.5 ðŸ“ˆðŸ’ŽðŸ’¥",3999,N/A,N/A,100.0,214,N/A,"",https://www.ebay.com/itm/147110822473?_skw=dirk+nowitzki+refractor&hash=item22407d0249:g:2acAAeSwzmBowcus
2.5,SKIP,"DIRK NOWITSKI 2025 Topps Chrome Basketball GREEN Wave REFRACTOR  /199 HOF Mavs",16,N/A,N/A,100.0,360,N/A,"",https://www.ebay.com/itm/358179520561?_skw=dirk+nowitzki+refractor&hash=item536529c031:g:rrcAAeSwYolpf8oW
2.5,SKIP,"2025-26 Topps Chrome - Dirk Nowitzki #246 Yellow Basketball Refractor /275",16.99,17,N/A,100.0,156,N/A,"",https://www.ebay.com/itm/406603467241?_skw=dirk+nowitzki+refractor&hash=item5eab7489e9:g:efgAAeSwJRlpaKLF
2.5,SKIP,"Dirk Nowitzki 2025 Topps Chrome Basketball #246 Purple Pulsar Refractor #/75",20,N/A,N/A,99.4,152,N/A,"",https://www.ebay.com/itm/177777444515?_skw=dirk+nowitzki+refractor&hash=item29645c86a3:g:r54AAeSwE4hpZ8n9
2.5,SKIP,"2007 Topps Finest Green Refractor Dirk Nowitzki /149.  PSA 9",100,N/A,N/A,100.0,394,N/A,"",https://www.ebay.com/itm/388479598022?_skw=dirk+nowitzki+refractor&hash=item5a73303dc6:g:h2AAAeSwYQxoNn~n
2.5,SKIP,"DIRK NOWITZKI SP Lot ðŸ”¥ 2025-26 Topps Chrome REFRACTOR, RED WHITE BLUE, XFRACTOR",21.48,N/A,N/A,100.0,465,N/A,"",https://www.ebay.com/itm/177827741091?_skw=dirk+nowitzki+refractor&hash=item29675bfda3:g:4-QAAeSwqxdpf9a3
2.5,SKIP,"2025-26 Topps Chrome Dirk Nowitzki Red White Blue Refractor #246 Mavericks ðŸ‡ºðŸ‡¸",1.5,N/A,N/A,100.0,440,N/A,"",https://www.ebay.com/itm/187994945620?_skw=dirk+nowitzki+refractor&hash=item2bc55f3854:g:8kYAAeSwbNxpd9dI
2.5,SKIP,"Dirk Nowitzki - 2025-26 Topps Chrome -  #246 Pulsar Refractor - Dallas Mavericks",2.7,N/A,N/A,100.0,155,N/A,"",https://www.ebay.com/itm/137005437362?_skw=dirk+nowitzki+refractor&hash=item1fe62911b2:g:2mwAAeSwAfRpf-Ix
2.5,SKIP,"2025-26 Topps Chrome Dirk Nowitzki Serenity PURPLE Refractor #/75 Dallas Mavs",14.99,N/A,N/A,100.0,285,N/A,"",https://www.ebay.com/itm/198009784182?_skw=dirk+nowitzki+refractor&hash=item2e1a4d8776:g:3JYAAeSwvQ5pXqLs
2.5,SKIP,"Dirk Nowitzki SP 2024 Topps Finest Common Silver Refractor Dallas Mavericks",4,N/A,N/A,100.0,432,N/A,"",https://www.ebay.com/itm/196989754110?_skw=dirk+nowitzki+refractor&hash=item2ddd811afe:g:uJIAAOSwJUBnoSmJ
2.5,SKIP,"2025 Topps Chrome #CG-22 Dirk Nowitzki Clutch Gene Refractors Green /99",19.99,N/A,N/A,100.0,262,N/A,"",https://www.ebay.com/itm/267564461303?_skw=dirk+nowitzki+refractor&hash=item3e4c15acf7:g:ZD4AAeSw-vppf~aa
2.5,SKIP,"2025 Topps Chrome Dirk Nowitzki Tall Tales Green Refractor /99 #TT13 SP Mavs",19.99,N/A,N/A,100.0,215,N/A,"",https://www.ebay.com/itm/236537547994?_skw=dirk+nowitzki+refractor&hash=item3712bc8cda:g:OTkAAeSwp1tpRtOI
2.5,SKIP,"DIRK NOWITZKI PSA 10 2023-24 TOPPS FINEST FLASHBACK RED REFRACTOR AUTO #3/5",541.98,460.68,-18,100.0,185,N/A,"",https://www.ebay.com/itm/147004223643?_skw=dirk+nowitzki+refractor&hash=item223a22709b:g:DOIAAeSwWlVpLwvh
2.5,SKIP,"2000-01 Topps Gold Label - Dirk Nowitzki #17 Class 1 Refractor Dallas Mavericks",13.49,N/A,N/A,100.0,356,5,"",https://www.ebay.com/itm/177816918138?_skw=dirk+nowitzki+refractor&hash=item2966b6d87a:g:ab4AAeSwDeJpepIk
2.5,SKIP,"2005 Topps Blue Refractor /33 Dirk Nowitzki ",154.99,N/A,N/A,100.0,259,N/A,"",https://www.ebay.com/itm/296250559237?_skw=dirk+nowitzki+refractor&hash=item44f9e8cb05:g:mP8AAOSwFENl2~LY
2.5,SKIP,"2025-26 Topps chrome DIRK NOWITZKI /275 #246 YELLOW refractor WCG 10 â‰ˆ PSA 10",20,17,-18,100.0,333,N/A,"",https://www.ebay.com/itm/136956266099?_skw=dirk+nowitzki+refractor&hash=item1fe33ac673:g:lYcAAeSwHKppax1n
2.5,SKIP,"2025 Topps Chrome Basketball Dirk Nowitzki Silver Refractor",1,N/A,N/A,100.0,215,N/A,"",https://www.ebay.com/itm/297933299896?_skw=dirk+nowitzki+refractor&hash=item455e3560b8:g:5DYAAeSwWXhpZxp4
2.5,SKIP,"2025-26 Topps Chrome #246 Dirk Nowitzki Aqua RayWave Refractor #/199",12,N/A,N/A,100.0,138,N/A,"",https://www.ebay.com/itm/366113723389?_skw=dirk+nowitzki+refractor&hash=item553e1413fd:g:7KAAAeSwwjdpYZ-K
2.5,SKIP,"1998-99 Topps Chrome - Dirk Nowitzki #154 Refractor (RC)",1010,N/A,N/A,100.0,241,N/A,"",https://www.ebay.com/itm/205783924314?_skw=dirk+nowitzki+refractor&hash=item2fe9ad7e5a:g:UHUAAeSw6M9o7cbg
2.5,SKIP,"2025-26 Topps Chrome #246 Dirk Nowitzki RayWave Refractor Dallas Mavericks",2.79,N/A,N/A,99.5,403,N/A,"",https://www.ebay.com/itm/277656790222?_skw=dirk+nowitzki+refractor&hash=item40a5a264ce:g:lKQAAeSwhFhpbBE4
2.5,SKIP,"2025 Topps Finest Show Stoppers Dirk Nowitzki Dallas Mavericks Die-Cut /150 SP",8.99,N/A,N/A,100.0,229,N/A,"",https://www.ebay.com/itm/116961670594?_skw=dirk+nowitzki+refractor&hash=item1b3b7575c2:g:a4IAAeSwOA1pWDAU
2.2,SKIP,"1998-99 Bowmanâ€™s Best Refractor RC Dirk Nowitzki /400 SGC 9 Mavericks MINT",380,N/A,N/A,100.0,36,N/A,"",https://www.ebay.com/itm/306438887516?_skw=dirk+nowitzki+refractor&hash=item47592e585c:g:OJQAAeSwY0Zolmed
2,SKIP,"2025-26 Topps Chrome - Serenity Dirk Nowitzki #SY-10 Gold Refractor /50",85.99,N/A,N/A,100.0,87,N/A,"",https://www.ebay.com/itm/366169363976?_skw=dirk+nowitzki+refractor&hash=item5541651608:g:uOcAAeSwI59pgMPP
2,SKIP,"2025-26 Topps Chrome Basketball Dirk Nowitzki Orange Black Refractor",7,N/A,N/A,100.0,3,4,"",https://www.ebay.com/itm/168121351042?_skw=dirk+nowitzki+refractor&hash=item2724d03b82:g:xeoAAeSwILlpfC-L
2,SKIP,"2025-26 Topps Dirk Nowitzki Chromograhs Refractor Auto CH-DN Dallas Mavericks SP",235,19.125,-1129,100.0,53,N/A,"",https://www.ebay.com/itm/136940153583?_skw=dirk+nowitzki+refractor&hash=item1fe244eaef:g:-D8AAeSw1q5pZB4z&amdata=enc%3AAQALAAAA8DZq0hFgvSYlgrFkWCFZ3z2E8xtiGN9%2Fhoke8mQvu01qvI7zcRqZSjZTmCoDOIyLyhAyn51PJYxOGh%2FhrFaQ62vX4NogQt2SXcCjTYaqwO0PzjtoKitLbJyyaPTDd%2FK5dd2wo3xWwH4F5Cx5eDo0bYfPB5xgUfKfGcfOjago2i24ywvxSEuptpG6nsGUHo9711EiRoECo7knd7oycnW9irEXeo5p0tdJZ%2F7qynUTK8wu%2BE%2BHjx9EWGEpHoHC8gdtWdIWFYl0Vz17%2FzCBjpvfETYTE0tLb%2Fc9GLqs%2BlYkPkHlefUHQtrXc%2FdkmR04Gk6qGw%3D%3D
2,SKIP,"2023-24 Topps Finest - Common Dirk Nowitzki #95 Black Refractor /25",20,N/A,N/A,96.6,27,N/A,"",https://www.ebay.com/itm/397496687469?_skw=dirk+nowitzki+refractor&hash=item5c8ca61b6d:g:dtEAAeSwxQ1paDXW
2,SKIP,"2025-26 Topps Chrome Basketball Dirk Nowitzki Refractor #245 Dallas Mavericks",2.24,N/A,N/A,100.0,28,N/A,"",https://www.ebay.com/itm/376895668735?_skw=dirk+nowitzki+refractor&hash=item57c0bb81ff:g:pLUAAeSw7WZpdTWO
2,SKIP,"2025/26 Topps Chrome Basketball Dirk Nowitzki X-Fractor Refractor 246 Mavericks",3,N/A,N/A,100.0,14,N/A,"",https://www.ebay.com/itm/358091517675?_skw=dirk+nowitzki+refractor&hash=item535feaeeeb:g:MTYAAeSwxCxpXeIL
2,SKIP,"2025-26 Topps Chrome - Dirk Nowitzki #246 Yellow RayWave Refractor /275",20,N/A,N/A,0.0,N/A,N/A,"",https://www.ebay.com/itm/366168348692?_skw=dirk+nowitzki+refractor&hash=item5541559814:g:josAAeSwxBZpgEJo
2,SKIP,"2025-26 Topps Chrome - Dirk Nowitzki #246 Purple Refractor /75",19.99,N/A,N/A,100.0,13,N/A,"",https://www.ebay.com/itm/317830113678?_skw=dirk+nowitzki+refractor&hash=item4a0026a98e:g:bfYAAeSwOtdpf-l0
2,SKIP,"2025-26 Topps Chrome #246 Dirk Nowitzki Red White and Blue Refractor",1.99,N/A,N/A,100.0,63,N/A,"",https://www.ebay.com/itm/206001311322?_skw=dirk+nowitzki+refractor&hash=item2ff6a28e5a:g:2jwAAeSwrj9pek2F
2,SKIP,"2025-26 Topps Chrome Basketball Dirk Nowitzki Orange Black Refractor",8.99,N/A,N/A,100.0,34,N/A,"",https://www.ebay.com/itm/317822593485?_skw=dirk+nowitzki+refractor&hash=item49ffb3e9cd:g:cSIAAeSwO01pfRfH
2,SKIP,"Dirk Nowitzki - 2025-26 Topps Chrome #246 Aqua RayWave Refractor 068/199",11,N/A,N/A,100.0,42,N/A,"",https://www.ebay.com/itm/236553031682?_skw=dirk+nowitzki+refractor&hash=item3713a8d002:g:HMIAAeSwrBBpUg9z
2,SKIP,"2025-26 Topps Chrome - Dirk Nowitzki #246 RayWave Refractor #/75",27.8,N/A,N/A,100.0,5,N/A,"",https://www.ebay.com/itm/317796264480?_skw=dirk+nowitzki+refractor&hash=item49fe222a20:g:SXQAAeSw00hpdF9V
2,SKIP,"2025-26 Topps Chrome Dirk Nowitzki Refractor Dallas Mavericks #246 SP HOF",18,17,-6,100.0,57,N/A,"",https://www.ebay.com/itm/358104415572?_skw=dirk+nowitzki+refractor&hash=item5360afbd54:g:-nYAAeSwblJpY13B
2,SKIP,"2021 Topps Finest - Dirk Nowitzki #41 Atomic Refractor /299",28,N/A,N/A,100.0,63,N/A,"",https://www.ebay.com/itm/136235287251?_skw=dirk+nowitzki+refractor&hash=item1fb84182d3:g:DpEAAeSwIMloh-fx&amdata=enc%3AAQALAAAA8DZq0hFgvSYlgrFkWCFZ3z3sf%2BAVMmLqptbcBJKILfUfyurDJeqltdEK9sXIwljkyQX3Q%2BDuFA5WHlKApIo5uSeYg9LpL%2FJVOHQ60DJ9cg3JtXyuIxC0kbyLKehjxBSOYpaotSkkaYxHOtHIZIE2NHS3cIFw3n%2FM5RxdzxvnAuQ8gd%2BdfUStaxEVgfSvCXsNZJ3bBaaoPo58J5Ay2ZlMZeyDgrFw7B6IXxyo4f7qgW%2FZ2yEvfHf%2B5j%2FaKXo2GO2dfPnqeIV9ZMj4UNVygaKj8CIDLIYcDin13B5oywLp3hUHH5DK%2FEtH0Z6tJ1gRqkT5JA%3D%3D